Year,Name,Opponent,Goals,GoalsAgainst,Throws,Catches,Turnovers,Forced_Turns,AvgHangTime,AvgThrowsPerScore,CompletionPct,ThrowingPct,CatchingPct,Win
2016,pittsburgh_thunderbirds,minnesota_windchill,20,18,269,217,34,18,4.7585999999999995,13.45,0.8066914498141264,0.893687707641196,0.9908675799086758,1
2016,pittsburgh_thunderbirds,detroit_mechanix,26,16,304,256,34,14,5.205125000000001,11.692307692307692,0.8421052631578947,0.9047619047619048,0.9922480620155039,1
2016,pittsburgh_thunderbirds,madison_radicals,16,20,305,245,49,11,6.0655294117647065,19.0625,0.8032786885245902,0.8739255014326648,0.98,0
2016,pittsburgh_thunderbirds,minnesota_windchill,29,21,315,268,32,15,5.163035714285715,10.862068965517242,0.8507936507936508,0.9237536656891495,0.9781021897810219,1
2016,pittsburgh_thunderbirds,indianapolis_alleycats,25,29,317,272,40,5,4.856653846153846,12.68,0.8580441640378549,0.8980169971671388,0.9855072463768116,0
2016,pittsburgh_thunderbirds,chicago_wildfire,26,22,285,233,39,13,5.1595555555555555,10.961538461538462,0.8175438596491228,0.8934169278996865,0.9789915966386554,1
2016,pittsburgh_thunderbirds,cincinnati_revolution,31,14,284,233,28,23,6.344925925925927,9.161290322580646,0.8204225352112676,0.919093851132686,0.9872881355932204,1
2016,pittsburgh_thunderbirds,chicago_wildfire,24,23,254,204,36,14,5.248230769230769,10.583333333333334,0.8031496062992126,0.8850174216027874,0.9855072463768116,1
2016,pittsburgh_thunderbirds,madison_radicals,16,23,370,312,46,12,6.217666666666667,23.125,0.8432432432432433,0.9068627450980392,0.975,0
2016,pittsburgh_thunderbirds,madison_radcals,18,22,359,307,43,9,4.2041,19.944444444444443,0.8551532033426184,0.8975,0.9935275080906149,0
2016,pittsburgh_thunderbirds,cincinatti_revolution,25,16,252,194,36,22,5.345631578947369,10.08,0.7698412698412699,0.8936170212765957,0.97,1
2016,pittsburgh_thunderbirds,minnesota_windchill,27,24,282,207,54,21,5.121703703703703,10.444444444444445,0.7340425531914894,0.8468468468468469,0.9857142857142858,1
2016,pittsburgh_thunderbirds,detroit_mechanix,25,16,279,224,33,22,5.451,11.16,0.8028673835125448,0.9087947882736156,0.9781659388646288,1
2016,pittsburgh_thunderbirds,detroit_mechanix,31,13,221,151,44,26,6.383906250000001,7.129032258064516,0.6832579185520362,0.8532818532818532,0.9617834394904459,1
2016,pittsburgh_thunderbirds,indianapolis_alleycats,31,26,319,277,29,13,6.302161290322581,10.290322580645162,0.8683385579937304,0.9193083573487032,0.9964028776978417,1
2016,pittsburgh_thunderbirds,indianapolis_alleycats,23,31,258,208,41,9,5.547818181818181,11.217391304347826,0.8062015503875969,0.8716216216216216,0.985781990521327,0
2016,dallas_roughnecks,austin_sol,30,18,295,249,28,18,5.483695652173914,9.833333333333334,0.8440677966101695,0.921875,0.9880952380952381,1
2016,dallas_roughnecks,nashville_nightwatch,33,15,253,198,37,18,6.2177999999999995,7.666666666666667,0.782608695652174,0.8754325259515571,0.9949748743718593,1
2016,dallas_roughnecks,atlanta_hustle,28,21,45,1,36,8,5.130043478260871,1.6071428571428572,0.022222222222222223,0.5844155844155844,0.2,1
2016,dallas_roughnecks,jacksonville_cannons,27,21,259,221,21,17,6.299296296296296,9.592592592592593,0.8532818532818532,0.9350180505415162,0.9866071428571429,1
2016,dallas_roughnecks,austin_sol,26,22,276,208,48,20,5.784388888888888,10.615384615384615,0.7536231884057971,0.8679245283018868,0.9719626168224299,1
2016,dallas_roughnecks,jacksonville_cannons,32,17,242,178,42,22,6.865869565217392,7.5625,0.7355371900826446,0.8673835125448028,0.9726775956284153,1
2016,dallas_roughnecks,raleigh_flyers,27,22,278,224,33,21,5.543833333333334,10.296296296296296,0.8057553956834532,0.9114754098360656,0.9739130434782609,1
2016,dallas_roughnecks,nashville_nightwatch,34,23,267,226,27,14,5.807625000000001,7.852941176470588,0.846441947565543,0.9175257731958762,0.9868995633187773,1
2016,dallas_roughnecks,austin_sol,29,18,303,240,42,21,6.012444444444444,10.448275862068966,0.7920792079207921,0.8964497041420119,0.97165991902834,1
2016,dallas_roughnecks,atlanta_hustle,31,21,343,296,30,17,6.314923076923076,11.064516129032258,0.8629737609329446,0.9245283018867925,0.9932885906040269,1
2016,dallas_roughnecks,toronto_rush,27,20,323,269,39,15,4.974500000000001,11.962962962962964,0.8328173374613003,0.8997214484679665,0.9889705882352942,1
2016,dallas_roughnecks,austin_sol,24,16,238,163,51,24,5.0732,9.916666666666666,0.6848739495798319,0.8409893992932862,0.9644970414201184,1
2016,dallas_roughnecks,charlotte_express,28,18,338,280,43,15,6.411695652173913,12.071428571428571,0.8284023668639053,0.898936170212766,0.9824561403508771,1
2016,dallas_roughnecks,atlanta_hustle,26,20,262,212,34,16,6.33315,10.076923076923077,0.8091603053435115,0.89419795221843,0.986046511627907,1
2016,dallas_roughnecks,charlotte_express,30,18,271,218,38,15,6.473208333333335,9.033333333333333,0.8044280442804428,0.8827361563517915,0.990909090909091,1
2016,dallas_roughnecks,raleigh_flyers,24,18,272,228,27,17,6.281833333333333,11.333333333333334,0.8382352941176471,0.912751677852349,0.9956331877729258,1
2016,dc_breeze,toronto_rush,21,23,284,218,49,17,7.0889999999999995,13.523809523809524,0.7676056338028169,0.8632218844984803,0.9819819819819819,0
2016,dc_breeze,montreal_royal,26,18,310,252,33,25,6.788296296296296,11.923076923076923,0.8129032258064516,0.9144542772861357,0.984375,1
2016,dc_breeze,montreal_royal,28,14,273,221,35,17,3.2418846153846155,9.75,0.8095238095238095,0.8950819672131147,0.9866071428571429,1
2016,dc_breeze,montreal_royal,22,27,239,185,38,16,5.666166666666667,10.863636363636363,0.7740585774058577,0.8884758364312267,0.9585492227979274,0
2016,dc_breeze,toronto_rush,24,25,236,178,49,9,6.109473684210527,9.833333333333334,0.7542372881355932,0.8489208633093526,0.9621621621621622,0
2016,dc_breeze,philadelphia_phoenix,27,16,259,202,46,11,6.161148148148147,9.592592592592593,0.7799227799227799,0.8633333333333333,0.9758454106280193,1
2016,dc_breeze,ottawa_outlaws,22,27,247,204,33,10,6.258750000000001,11.227272727272727,0.8259109311740891,0.894927536231884,0.9807692307692307,0
2016,dc_breeze,philadelphia_phoenix,34,18,281,231,33,17,7.133645161290324,8.264705882352942,0.8220640569395018,0.8977635782747604,0.9956896551724138,1
2016,dc_breeze,toronto_rush,28,23,248,211,26,11,5.927111111111111,8.857142857142858,0.8508064516129032,0.9084249084249084,0.9952830188679245,1
2016,dc_breeze,new_york_empire,24,20,319,279,27,13,6.65390476190476,13.291666666666666,0.8746081504702194,0.9410029498525073,0.9755244755244755,1
2016,dc_breeze,toronto_rush,23,24,260,209,37,14,6.47828,11.304347826086957,0.8038461538461539,0.8873720136518771,0.9812206572769953,0
2016,dc_breeze,new_york_empire,15,14,274,222,40,12,5.1042941176470595,18.266666666666666,0.8102189781021898,0.8810289389067524,0.9866666666666667,1
2016,dc_breeze,new_york_empire,27,26,328,283,32,13,6.398285714285715,12.148148148148149,0.8628048780487805,0.9213483146067416,0.9860627177700348,1
2016,dc_breeze,philadelphia_phoenix,24,15,254,207,35,12,5.587294117647059,10.583333333333334,0.8149606299212598,0.8881118881118881,0.9857142857142858,1
2016,dc_breeze,new_york_empire,23,22,285,240,37,8,6.282173913043478,12.391304347826088,0.8421052631578947,0.8962264150943396,0.9836065573770492,1
2016,dc_breeze,ottawa_outlaws,28,17,226,167,43,16,5.618,8.071428571428571,0.7389380530973452,0.849624060150376,0.9823529411764705,1
2016,cincinnati_revolution,madison_radicals,23,36,340,288,41,11,5.412478260869564,14.782608695652174,0.8470588235294118,0.8970976253298153,0.993103448275862,0
2016,cincinnati_revolution,detroit_mechanix,12,15,242,100,119,23,4.295222222222222,20.166666666666668,0.4132231404958678,0.6816901408450704,0.9433962264150944,0
2016,cincinnati_revolution,minnesota_windchill,21,28,251,185,52,14,6.014809523809524,11.952380952380953,0.7370517928286853,0.8394648829431438,0.9788359788359788,0
2016,cincinnati_revolution,minessota_windchill,26,32,320,277,38,5,6.19326923076923,12.307692307692308,0.865625,0.9065155807365439,0.9822695035460993,0
2016,cincinnati_revolution,detroit_mechanix,19,20,322,241,58,23,4.480812500000001,16.94736842105263,0.7484472049689441,0.8496042216358839,0.9958677685950413,0
2016,cincinnati_revolution,pittsburgh_thunderbirds,14,31,313,263,43,7,6.058363636363636,22.357142857142858,0.8402555910543131,0.8942857142857142,0.9776951672862454,0
2016,cincinnati_revolution,indianapolis_alleycats,14,35,350,285,54,11,5.957785714285714,25.0,0.8142857142857143,0.8706467661691543,0.9930313588850174,0
2016,cincinnati_revolution,madison_radicals,22,25,347,292,42,13,6.9674999999999985,15.772727272727273,0.8414985590778098,0.8920308483290489,1.0,0
2016,cincinnati_revolution,detroit_mechanix,19,23,256,199,48,9,5.400149999999999,13.473684210526315,0.77734375,0.8533333333333334,0.9802955665024631,0
2016,cincinnati_revolution,pittsburgh_thunderbirds,16,25,334,274,50,10,5.543388888888888,20.875,0.8203592814371258,0.8720626631853786,0.9963636363636363,0
2016,cincinnati_revolution,indianapolis_alleycats,24,28,278,233,30,15,5.209199999999999,11.583333333333334,0.8381294964028777,0.9114754098360656,0.9872881355932204,0
2016,cincinnati_revolution,chicago_wildfire,27,28,300,241,47,12,6.645827586206895,11.11111111111111,0.8033333333333333,0.8746355685131195,0.9836734693877551,0
2016,cincinnati_revolution,indianapolis_alleycats,17,22,290,208,65,17,4.711117647058823,17.058823529411764,0.7172413793103448,0.8285714285714286,0.9765258215962441,0
2016,cincinnati_revolution,chicago_wildfire,19,27,262,212,42,8,6.4411000000000005,13.789473684210526,0.8091603053435115,0.8618421052631579,1.0,0
2016,seattle_cascades,vancouver_riptide,24,27,259,221,32,6,5.9262500000000005,10.791666666666666,0.8532818532818532,0.8900343642611683,1.0,0
2016,seattle_cascades,san_francisco_flamethrowers,23,17,310,244,42,24,2.8496799999999998,13.478260869565217,0.7870967741935484,0.8933717579250721,0.9799196787148594,1
2016,seattle_cascades,vancouver_riptide,24,34,279,240,34,5,6.0718000000000005,11.625,0.8602150537634409,0.9,0.9876543209876543,0
2016,seattle_cascades,vancouver_riptide,25,21,107,53,41,13,7.249884615384616,4.28,0.4953271028037383,0.7697841726618705,0.8548387096774194,1
2016,seattle_cascades,san_diego_growlers,25,16,240,195,34,11,6.0581249999999995,9.6,0.8125,0.8823529411764706,0.9898477157360406,1
2016,seattle_cascades,san_jose_spiders,27,17,48,1,28,19,6.9366551724137935,1.7777777777777777,0.020833333333333332,0.6666666666666666,0.2,1
2016,seattle_cascades,los_angeles_aviators,27,17,281,229,40,12,6.235500000000001,10.407407407407407,0.8149466192170819,0.8808777429467085,0.9913419913419913,1
2016,seattle_cascades,vancouver_riptide,31,27,49,0,40,9,6.131200000000001,1.5806451612903225,0.0,0.5568181818181818,0.0,1
2016,seattle_cascades,san_francisco_flamethrowers,28,25,50,0,35,15,6.3999999999999995,1.7857142857142858,0.0,0.6410256410256411,0.0,1
2016,seattle_cascades,los_angeles_aviators,31,23,255,221,23,11,3.9968484848484844,8.225806451612904,0.8666666666666667,0.9239130434782609,0.9910313901345291,1
2016,seattle_cascades,los_angeles_aviators,16,22,62,0,50,12,5.9060588235294125,3.875,0.0,0.5740740740740741,0.0,0
2016,seattle_cascades,los_angeles_aviators,27,26,39,0,28,11,6.699,1.4444444444444444,0.0,0.6,0.0,1
2016,seattle_cascades,san_jose_spiders,27,26,351,296,43,12,6.464678571428571,13.0,0.8433048433048433,0.8976982097186701,0.9899665551839465,1
2016,seattle_cascades,san_jose_spiders,25,26,261,223,28,10,6.50075,10.44,0.8544061302681992,0.9190140845070423,0.9780701754385965,0
2016,seattle_cascades,san_francisco_flamethrowers,18,27,260,211,42,7,2.866,14.444444444444445,0.8115384615384615,0.87248322147651,0.9813953488372092,0
2016,seattle_cascades,san_diego_growlers,23,19,41,0,28,13,6.267434782608695,1.7826086956521738,0.0,0.6119402985074627,0.0,1
2016,ottawa_outlaws,montreal,30,27,318,274,34,10,6.97711111111111,10.6,0.8616352201257862,0.9111747851002865,0.9891696750902527,1
2016,ottawa_outlaws,montreal_royal,20,21,263,216,35,12,6.708166666666667,13.15,0.8212927756653993,0.8855218855218855,0.9953917050691244,0
2016,ottawa_outlaws,toronto_rush,20,35,297,242,48,7,6.4285499999999995,14.85,0.8148148148148148,0.8735294117647059,0.979757085020243,0
2016,ottawa_outlaws,dc_breeze,17,28,282,225,45,12,5.3046,16.58823529411765,0.7978723404255319,0.8730650154798761,0.982532751091703,0
2016,ottawa_outlaws,dc_breeze,27,22,309,262,31,16,7.0392399999999995,11.444444444444445,0.8478964401294499,0.9142011834319527,0.9924242424242424,1
2016,ottawa_outlaws,philadelphia_phoenix,30,22,290,230,36,24,6.019896551724138,9.666666666666666,0.7931034482758621,0.8978328173374613,0.9871244635193133,1
2016,ottawa_outlaws,new_york_empire,21,23,289,241,33,15,6.444894736842105,13.761904761904763,0.8339100346020761,0.9059561128526645,0.9877049180327869,0
2016,ottawa_outlaws,new_york_empire,19,24,327,282,38,7,6.321444444444444,17.210526315789473,0.8623853211009175,0.9108635097493036,0.9791666666666666,0
2016,ottawa_outlaws,toronto_rush,15,32,276,214,51,11,5.377133333333333,18.4,0.7753623188405797,0.8625,0.9683257918552036,0
2016,ottawa_outlaws,montreal_royal,31,24,362,304,38,20,6.519206896551725,11.67741935483871,0.8397790055248618,0.9118387909319899,0.990228013029316,1
2016,ottawa_outlaws,new_york_empire,24,19,231,160,54,17,4.988307692307694,9.625,0.6926406926406926,0.843065693430657,0.935672514619883,1
2016,ottawa_outlaws,philadelphia_phoenix,25,13,251,166,66,19,6.277608695652174,10.04,0.6613545816733067,0.8096774193548387,0.9595375722543352,1
2016,ottawa_outlaws,philadelphia_phoenix,37,16,288,225,44,19,6.218633333333334,7.783783783783784,0.78125,0.8888888888888888,0.9656652360515021,1
2016,ottawa_outlaws,toronto_rush,24,30,276,216,48,12,5.916399999999999,11.5,0.782608695652174,0.8706624605678234,0.968609865470852,0
2016,los_angeles_aviators,vancouver_riptide,28,26,305,279,19,7,5.7620344827586205,10.892857142857142,0.9147540983606557,0.9501557632398754,0.9893617021276596,1
2016,los_angeles_aviators,san_francisco_flamethrowers,16,19,309,242,49,18,5.5676000000000005,19.3125,0.7831715210355987,0.8803418803418803,0.9718875502008032,0
2016,los_angeles_aviators,seattle_cascades,17,26,304,252,42,10,5.806411764705882,17.88235294117647,0.8289473684210527,0.8967551622418879,0.972972972972973,0
2016,los_angeles_aviators,san_jose_spiders,27,24,262,223,31,8,6.700149999999999,9.703703703703704,0.851145038167939,0.9003436426116839,0.9911111111111112,1
2016,los_angeles_aviators,san_francisco_flamethrowers,27,22,317,267,33,17,6.5504444444444445,11.74074074074074,0.8422712933753943,0.9083094555873925,0.996268656716418,1
2016,los_angeles_aviators,vancouver_riptide,21,20,360,319,26,15,7.090304347826086,17.142857142857142,0.8861111111111111,0.935064935064935,0.996875,1
2016,los_angeles_aviators,san_diego_growlers,30,24,307,270,27,10,6.144678571428571,10.233333333333333,0.8794788273615635,0.9246987951807228,0.9926470588235294,1
2016,los_angeles_aviators,seattle_cascades_wildcard,23,31,347,315,23,9,6.181217391304346,15.08695652173913,0.9077809798270894,0.9455040871934605,0.9905660377358491,0
2016,los_angeles_aviators,seattle_cascades,26,27,299,261,28,10,6.128576923076922,11.5,0.8729096989966555,0.9256965944272446,0.9849056603773585,0
2016,los_angeles_aviators,vancouver_riptide,31,24,336,298,26,12,6.373633333333334,10.838709677419354,0.8869047619047619,0.9333333333333333,0.9933333333333333,1
2016,los_angeles_aviators,seattle_cascades,22,16,289,228,42,19,7.199772727272728,13.136363636363637,0.7889273356401384,0.878419452887538,0.991304347826087,1
2016,los_angeles_aviators,san_jose_spiders,25,27,289,242,33,14,6.325904761904762,11.56,0.8373702422145328,0.9003115264797508,0.9958847736625515,0
2016,los_angeles_aviators,san_diego_growlers,25,18,291,245,31,15,6.898111111111111,11.64,0.8419243986254296,0.917981072555205,0.98,1
2016,los_angeles_aviators,san_diego_growlers,21,20,317,277,27,13,6.36408695652174,15.095238095238095,0.8738170347003155,0.924198250728863,0.9964028776978417,1
2016,los_angeles_aviators,san_diego_growlers,17,19,350,300,38,12,5.952062499999999,20.58823529411765,0.8571428571428571,0.9186351706036745,0.9771986970684039,0
2016,atlanta_hustle,charlotte_express,24,19,315,272,32,11,7.622083333333333,13.125,0.8634920634920635,0.9130434782608695,0.9927007299270073,1
2016,atlanta_hustle,dallas_roughnecks,21,31,263,219,36,8,7.3544374999999995,12.523809523809524,0.8326996197718631,0.8885135135135135,0.9864864864864865,0
2016,atlanta_hustle,dallas_roughnecks,21,28,279,235,29,15,5.491636363636363,13.285714285714286,0.8422939068100358,0.9117647058823529,0.9915611814345991,0
2016,atlanta_hustle,dallas_roughnecks,20,26,281,232,33,16,8.094904761904761,14.05,0.8256227758007118,0.9035369774919614,0.9872340425531915,0
2016,atlanta_hustle,raleigh_flyers,22,28,255,210,38,7,7.162388888888889,11.590909090909092,0.8235294117647058,0.8732876712328768,0.995260663507109,0
2016,atlanta_hustle,raleigh_flyers,25,23,312,278,25,9,6.327500000000001,12.48,0.8910256410256411,0.9285714285714286,0.996415770609319,1
2016,atlanta_hustle,nashville_nightwatch,21,22,375,321,42,12,7.838714285714285,17.857142857142858,0.856,0.9057971014492754,0.9907407407407407,0
2016,atlanta_hustle,nashville_nightwatch,34,24,240,206,28,6,5.714999999999999,7.0588235294117645,0.8583333333333333,0.8955223880597015,1.0,1
2016,atlanta_hustle,charlotte_express,18,16,285,240,34,11,6.862166666666667,15.833333333333334,0.8421052631578947,0.9105431309904153,0.975609756097561,1
2016,atlanta_hustle,raleigh_flyers,25,23,291,237,41,13,7.726391304347825,11.64,0.8144329896907216,0.8899082568807339,0.9793388429752066,1
2016,atlanta_hustle,jacksonville_cannons,24,29,244,199,36,9,7.631571428571427,10.166666666666666,0.8155737704918032,0.8808664259927798,0.9851485148514851,0
2016,atlanta_hustle,jacksonville_cannons,18,23,253,212,31,10,7.398294117647059,14.055555555555555,0.8379446640316206,0.8939929328621908,0.9953051643192489,0
2016,atlanta_hustle,jacksonville_cannons,27,26,271,236,27,8,7.712115384615384,10.037037037037036,0.8708487084870848,0.9186440677966101,0.9874476987447699,1
2016,atlanta_hustle,austin_sol,22,23,312,237,59,16,7.227882352941176,14.181818181818182,0.7596153846153846,0.8547945205479452,0.9753086419753086,0
2016,atlanta_hustle,austin_sol,31,29,292,230,38,24,7.4012,9.419354838709678,0.7876712328767124,0.8984615384615384,0.9787234042553191,1
2016,atlanta_hustle,nashville_nightwatch,26,16,269,212,42,15,7.150708333333333,10.346153846153847,0.7881040892193308,0.8877887788778878,0.9636363636363636,1
2016,raleigh_flyers,charlotte_express,23,14,289,243,32,14,6.17515,12.565217391304348,0.8408304498269896,0.9145569620253164,0.9798387096774194,1
2016,raleigh_flyers,atlanta_hustle,23,25,290,253,26,11,6.5843125,12.608695652173912,0.8724137931034482,0.9294871794871795,0.9844357976653697,0
2016,raleigh_flyers,jacksonville_cannons,24,25,254,196,44,14,6.674900000000001,10.583333333333334,0.7716535433070866,0.8668941979522184,0.9751243781094527,0
2016,raleigh_flyers,atlanta_hustle,23,25,267,213,43,11,5.900142857142856,11.608695652173912,0.797752808988764,0.8870431893687708,0.9594594594594594,0
2016,raleigh_flyers,jacksonville_cannons,25,24,297,254,29,14,6.1499999999999995,11.88,0.8552188552188552,0.922360248447205,0.9844961240310077,1
2016,raleigh_flyers,dallas_roughnecks,22,27,131,75,43,13,3.225363636363636,5.954545454545454,0.5725190839694656,0.7616279069767442,0.974025974025974,0
2016,raleigh_flyers,austin_sol,7,16,129,97,24,8,5.736750000000001,18.428571428571427,0.751937984496124,0.8716216216216216,0.9509803921568627,0
2016,raleigh_flyers,nashville_nighthawks,20,18,274,224,33,17,5.3498125000000005,13.7,0.8175182481751825,0.9133333333333333,0.9696969696969697,1
2016,raleigh_flyers,austin_sol,28,27,275,228,32,15,5.618839999999999,9.821428571428571,0.8290909090909091,0.919732441471572,0.9661016949152542,1
2016,raleigh_flyers,dallas_roughnecks,18,24,265,218,39,8,5.906250000000001,14.722222222222221,0.8226415094339623,0.8833333333333333,0.9819819819819819,0
2016,raleigh_flyers,charlotte_express,23,18,243,173,50,20,5.9252666666666665,10.565217391304348,0.7119341563786008,0.8678571428571429,0.9301075268817204,1
2016,raleigh_flyers,charlotte_express,29,21,326,278,33,15,7.143074074074074,11.241379310344827,0.852760736196319,0.9157303370786517,0.9893238434163701,1
2016,raleigh_flyers,jacksonville_cannons,24,19,286,223,39,24,6.090095238095238,11.916666666666666,0.7797202797202797,0.896551724137931,0.9737991266375546,1
2016,raleigh_flyers,nashville_nightwatch,28,19,236,194,29,13,8.010136363636365,8.428571428571429,0.8220338983050848,0.9042145593869731,0.9797979797979798,1
2016,raleigh_flyers,atlanta_hustle,28,22,293,249,27,17,6,10.464285714285714,0.8498293515358362,0.9213836477987422,0.9920318725099602,1
2016,madison_radicals,detroit_mechanix,26,13,238,168,55,15,5.40024,9.153846153846153,0.7058823529411765,0.8321678321678322,0.96,1
2016,madison_radicals,cincinatti_revolution,36,23,275,231,26,18,5.880151515151515,7.638888888888889,0.84,0.919732441471572,0.9914163090128756,1
2016,madison_radicals,minnesota_wind_chill,25,11,287,216,50,21,5.457962962962963,11.48,0.7526132404181185,0.8618618618618619,0.9818181818181818,1
2016,madison_radicals,cincinnati_revolution,25,22,219,169,35,15,3.635444444444445,8.76,0.771689497716895,0.8830645161290323,0.9657142857142857,1
2016,madison_radicals,detroit_mechanix,37,19,264,217,28,19,6.149939393939392,7.135135135135135,0.821969696969697,0.9166666666666666,0.9819004524886877,1
2016,madison_radicals,indianapolis_alleycats,32,25,319,265,39,15,6.560125,9.96875,0.8307210031347962,0.8935574229691877,0.9962406015037594,1
2016,madison_radicals,chicago_wildfre,19,16,263,208,41,14,6.374315789473685,13.842105263157896,0.7908745247148289,0.8885135135135135,0.9629629629629629,1
2016,madison_radicals,pittsburgh_thunderbirds,23,16,265,209,41,15,6.32552,11.521739130434783,0.7886792452830189,0.8833333333333333,0.9720930232558139,1
2016,madison_radicals,chicago_wildfire,21,10,235,186,33,16,5.77905,11.19047619047619,0.7914893617021277,0.8901515151515151,0.9789473684210527,1
2016,madison_radicals,test,2,2,31,24,5,2,0.849,15.5,0.7741935483870968,0.9393939393939394,0.8888888888888888,0
2016,madison_radicals,seattle_cascades,25,26,335,296,28,11,6.4218846153846165,13.4,0.8835820895522388,0.9410112359550562,0.976897689768977,0
2016,madison_radicals,pittsburgh_thunderbirds,20,16,232,173,40,19,5.983388888888889,11.6,0.7456896551724138,0.8689138576779026,0.9719101123595506,1
2016,madison_radicals,indianapolis_alleycats,23,17,272,225,31,16,6.264,11.826086956521738,0.8272058823529411,0.918918918918919,0.9698275862068966,1
2016,madison_radicals,minnesota_wind_chill,25,16,229,167,46,16,5.931153846153847,9.16,0.7292576419213974,0.8544776119402985,0.9597701149425287,1
2016,madison_radicals,pittsburgh_thunderbirds,22,18,261,211,32,18,6.05004347826087,11.863636363636363,0.8084291187739464,0.903114186851211,0.9813953488372092,1
2016,madison_radicals,minnesota_windchill,36,15,261,201,35,25,6.512294117647058,7.25,0.7701149425287356,0.8907849829351536,0.9852941176470589,1
2016,madison_radicals,chicago_wildfire,18,11,226,149,56,21,5.388058823529412,12.555555555555555,0.6592920353982301,0.8308823529411765,0.9371069182389937,1
2016,toronto_rush,philadelphia_phoenix,28,6,271,206,42,23,5.845884615384615,9.678571428571429,0.7601476014760148,0.8827361563517915,0.9716981132075472,1
2016,toronto_rush,dc_breeze,23,21,297,230,47,20,6.072363636363636,12.91304347826087,0.7744107744107744,0.8839285714285714,0.9663865546218487,1
2016,toronto_rush,ny_empire,22,14,285,208,61,16,6.238500000000001,12.954545454545455,0.7298245614035088,0.8382352941176471,0.9719626168224299,1
2016,toronto_rush,dc_breeze,24,23,296,245,40,11,5.370346153846155,12.333333333333334,0.8277027027027027,0.8862275449101796,0.9919028340080972,1
2016,toronto_rush,montreal_royale,26,14,273,211,45,17,6.844038461538461,10.5,0.7728937728937729,0.8666666666666667,0.985981308411215,1
2016,toronto_rush,new_york_empire,27,21,276,230,31,15,7.57642857142857,10.222222222222221,0.8333333333333334,0.9078947368421053,0.9871244635193133,1
2016,toronto_rush,ottawa_outlaws,32,15,256,196,40,20,6.7707500000000005,8.0,0.765625,0.89198606271777,0.9560975609756097,1
2016,toronto_rush,montreal_royal,27,31,291,228,48,15,6.365461538461539,10.777777777777779,0.7835051546391752,0.8765060240963856,0.9702127659574468,0
2016,toronto_rush,ottawa_outlaws,35,20,242,186,38,18,5.821392857142857,6.914285714285715,0.768595041322314,0.88,0.9738219895287958,1
2016,toronto_rush,montreal_royal,29,18,247,208,24,15,6.939774193548385,8.517241379310345,0.8421052631578947,0.9250936329588015,0.9811320754716981,1
2016,toronto_rush,ottawa_outlaws,30,24,223,166,39,18,8.263366666666666,7.433333333333334,0.7443946188340808,0.8643410852713178,0.9764705882352941,1
2016,toronto_rush,philadelphia_phoenix,24,16,268,206,49,13,6.621769230769232,11.166666666666666,0.7686567164179104,0.8535031847133758,0.9856459330143541,1
2016,toronto_rush,dc_breeze,25,24,322,267,40,15,5.337291666666666,12.88,0.8291925465838509,0.9121813031161473,0.967391304347826,1
2016,toronto_rush,dc_breeze,23,28,289,252,29,8,8.722666666666667,12.565217391304348,0.8719723183391004,0.9203821656050956,0.984375,0
2016,toronto_rush,dallas_roughnecks,20,27,250,194,44,12,4.263176470588236,12.5,0.776,0.8620689655172413,0.9797979797979798,0
2016,toronto_rush,new_york_empire,22,20,286,246,24,16,6.647428571428572,13.0,0.8601398601398601,0.9285714285714286,0.9919354838709677,1
2016,chicago_wildfire,minnesota,15,15,183,158,22,3,4.8767499999999995,12.2,0.8633879781420765,0.8970588235294118,0.9937106918238994,0
2016,chicago_wildfire,vs._pitt,23,24,285,236,39,10,5.598999999999999,12.391304347826088,0.8280701754385965,0.8962264150943396,0.9752066115702479,0
2016,chicago_wildfire,madison,10,21,448,397,43,8,2.902,44.8,0.8861607142857143,0.9180327868852459,0.9925,0
2016,chicago_wildfire,cinci,27,19,309,260,30,19,6.0613636363636365,11.444444444444445,0.8414239482200647,0.9169139465875371,0.9923664122137404,1
2016,chicago_wildfire,indi,19,17,352,305,37,10,4.646437499999999,18.526315789473685,0.8664772727272727,0.9166666666666666,0.9838709677419355,1
2016,chicago_wildfire,detroit,18,13,276,223,41,12,5.881100000000001,15.333333333333334,0.8079710144927537,0.8903225806451613,0.9695652173913043,1
2016,chicago_wildfire,madison,16,19,402,348,45,9,4.657,25.125,0.8656716417910447,0.919908466819222,0.9720670391061452,0
2016,chicago_wildfire,detroit,15,17,247,163,66,18,4.434428571428572,16.466666666666665,0.659919028340081,0.8260869565217391,0.9209039548022598,0
2016,chicago_wildfire,vs_pitt,22,26,253,199,44,10,5.841400000000001,11.5,0.7865612648221344,0.8694158075601375,0.9707317073170731,0
2016,chicago_wildfire,indi,17,29,349,286,50,13,5.399181818181819,20.529411764705884,0.8194842406876791,0.8925831202046036,0.9727891156462585,0
2016,chicago_wildfire,minnesota,21,22,383,313,52,18,5.399,18.238095238095237,0.8172323759791122,0.8969555035128806,0.9750778816199377,0
2016,chicago_wildfire,minnesota,11,17,377,292,68,17,3.7066000000000003,34.27272727272727,0.7745358090185677,0.8726851851851852,0.9573770491803278,0
2016,chicago_wildfire,madison,11,18,352,275,62,15,5.84857142857143,32.0,0.78125,0.8712871287128713,0.9649122807017544,0
2016,chicago_wildfire,vs_cinci,28,27,329,271,42,16,5.820090909090909,11.75,0.8237082066869301,0.8915989159891599,0.9926739926739927,1
2016,san_jose_spiders,san_francisco_flamethrowers,25,32,257,218,30,9,7.773100000000001,10.28,0.8482490272373541,0.9017543859649123,0.990909090909091,0
2016,san_jose_spiders,seattle_cascades,17,27,254,205,37,12,7.403214285714286,14.941176470588236,0.8070866141732284,0.8758620689655172,0.9951456310679612,0
2016,san_jose_spiders,san_diego_growlers,26,22,332,287,31,14,6.4403999999999995,12.76923076923077,0.8644578313253012,0.9222222222222223,0.9896551724137931,1
2016,san_jose_spiders,vancouver_riptide,27,17,302,252,37,13,6.704666666666666,11.185185185185185,0.8344370860927153,0.893491124260355,0.9960474308300395,1
2016,san_jose_spiders,san_francisco_flamethrowers,24,25,264,228,24,12,6.993499999999999,11.0,0.8636363636363636,0.9230769230769231,0.991304347826087,0
2016,san_jose_spiders,vancouver_riptide,20,22,253,198,40,15,7.532833333333333,12.65,0.782608695652174,0.8694158075601375,0.99,0
2016,san_jose_spiders,san_diego_growlers,24,21,261,208,39,14,6.693999999999999,10.875,0.7969348659003831,0.8758389261744967,0.9904761904761905,1
2016,san_jose_spiders,san_diego_growlers,21,32,264,222,31,11,6.3153999999999995,12.571428571428571,0.8409090909090909,0.9072164948453608,0.9823008849557522,0
2016,san_jose_spiders,seattle_cascades,26,27,226,175,37,14,6.777199999999999,8.692307692307692,0.7743362831858407,0.8692307692307693,0.9831460674157303,0
2016,san_jose_spiders,los_angeles_aviators,24,27,288,252,26,10,6.532894736842105,12.0,0.875,0.9230769230769231,0.9921259842519685,0
2016,san_jose_spiders,san_francisco_flamethrowers,20,27,210,147,46,17,6.219600000000002,10.5,0.7,0.84,0.9607843137254902,0
2016,san_jose_spiders,san_francisco_flamethrowers,27,32,316,265,39,12,7.3005555555555555,11.703703703703704,0.8386075949367089,0.9002849002849003,0.9851301115241635,0
2016,san_jose_spiders,seattle_cascades,26,25,270,231,28,11,6.738333333333333,10.384615384615385,0.8555555555555555,0.9246575342465754,0.9746835443037974,1
2016,san_jose_spiders,los_angeles_aviators,27,25,327,284,28,15,6.8500625,12.11111111111111,0.8685015290519877,0.9263456090651558,0.993006993006993,1
2016,new_york_empire,dc_breeze,20,24,244,204,30,10,6.250333333333335,12.2,0.8360655737704918,0.8970588235294118,0.9902912621359223,0
2016,new_york_empire,ottawa_outlaws,19,24,263,184,62,17,5.52747619047619,13.842105263157896,0.6996197718631179,0.821875,0.9735449735449735,0
2016,new_york_empire,montreal_royal,21,19,288,239,36,13,6.184904761904761,13.714285714285714,0.8298611111111112,0.891640866873065,0.9958333333333333,1
2016,new_york_empire,dc_breeze,14,15,260,208,40,12,5.7908124999999995,18.571428571428573,0.8,0.87248322147651,0.9904761904761905,0
2016,new_york_empire,toronto_rush,20,22,284,242,36,6,6.332272727272727,14.2,0.852112676056338,0.890282131661442,0.9958847736625515,0
2016,new_york_empire,ottawa_outlaws,23,21,269,221,33,15,6.117541666666667,11.695652173913043,0.8215613382899628,0.8966666666666666,0.9910313901345291,1
2016,new_york_empire,toronto_rush,14,22,249,170,61,18,5.779562500000001,17.785714285714285,0.6827309236947792,0.8084415584415584,0.9883720930232558,0
2016,new_york_empire,philadelphia_phoenux,28,13,288,226,42,20,5.904370370370369,10.285714285714286,0.7847222222222222,0.8834355828220859,0.9826086956521739,1
2016,new_york_empire,dc_breeze,22,23,374,330,28,16,5.509565217391304,17.0,0.8823529411764706,0.9303482587064676,1.0,0
2016,new_york_empire,toronto_rush,21,27,269,223,35,11,5.8571739130434795,12.80952380952381,0.828996282527881,0.893687707641196,0.9867256637168141,0
2016,new_york_empire,philadelphia_phoenix,32,17,307,260,27,20,7.184181818181818,9.59375,0.8469055374592834,0.9246987951807228,0.9923664122137404,1
2016,new_york_empire,dc_breeze,26,27,341,296,36,9,6.791119999999999,13.115384615384615,0.8680351906158358,0.9069148936170213,0.9966329966329966,0
2016,new_york_empire,philadelphia_phoenix,28,16,316,276,25,15,6.681793103448276,11.285714285714286,0.8734177215189873,0.9294117647058824,0.9963898916967509,1
2016,new_york_empire,montreal_royal,17,12,274,170,84,20,6.2304666666666675,16.11764705882353,0.6204379562043796,0.7675070028011205,0.9941520467836257,1
2016,new_york_empire,ottawa_outlaws,24,19,268,225,31,12,6.36895652173913,11.166666666666666,0.8395522388059702,0.9023569023569024,0.9911894273127754,1
2016,san_francisco_flamethrowers,san_jose_spiders,32,27,293,240,32,21,5.751034482758621,9.15625,0.8191126279863481,0.9127725856697819,0.9836065573770492,1
2016,san_francisco_flamethrowers,vancouver_riptide,27,28,276,232,33,11,6.394076923076922,10.222222222222221,0.8405797101449275,0.9049180327868852,0.9830508474576272,0
2016,san_francisco_flamethrowers,seattle_cascades,25,28,255,204,40,11,5.455222222222222,10.2,0.8,0.8703071672354948,0.9902912621359223,0
2016,san_francisco_flamethrowers,sd_growlers,31,14,312,252,37,23,5.83155172413793,10.064516129032258,0.8076923076923077,0.9069767441860465,0.980544747081712,1
2016,san_francisco_flamethrowers,san_diego_growlers,25,23,344,296,33,15,5.726565217391304,13.76,0.8604651162790697,0.9173333333333333,0.9932885906040269,1
2016,san_francisco_flamethrowers,los_angeles_aviators?)_b_b,19,16,323,252,52,19,5.761176470588235,17.0,0.7801857585139319,0.8636363636363636,0.9960474308300395,1
2016,san_francisco_flamethrowers,seattle_cascades,27,18,248,198,39,11,6.98325,9.185185185185185,0.7983870967741935,0.8732394366197183,0.9850746268656716,1
2016,san_francisco_flamethrowers,sj_spiders,27,20,383,321,48,14,5.761111111111112,14.185185185185185,0.8381201044386423,0.8969555035128806,0.9876923076923076,1
2016,san_francisco_flamethrowers,la_aviators,22,27,274,225,42,7,4.280923076923077,12.454545454545455,0.8211678832116789,0.8782051282051282,0.982532751091703,0
2016,san_francisco_flamethrowers,sd_growlers,29,25,303,256,34,13,5.488758620689654,10.448275862068966,0.8448844884488449,0.9044776119402985,0.9922480620155039,1
2016,san_francisco_flamethrowers,sj_spiders,25,24,304,264,31,9,6.080730769230769,12.16,0.868421052631579,0.9101796407185628,0.9962264150943396,1
2016,san_francisco_flamethrowers,vancouver_riptide,22,18,276,226,36,14,4.238,12.545454545454545,0.8188405797101449,0.8846153846153846,1.0,1
2016,san_francisco_flamethrowers,vancouver_riptide,30,27,273,224,32,17,4.831466666666666,9.1,0.8205128205128205,0.900990099009901,0.9911504424778761,1
2016,san_francisco_flamethrowers,seattle_cascades,17,23,265,205,46,14,4.461437500000001,15.588235294117647,0.7735849056603774,0.8576051779935275,0.9903381642512077,0
2016,san_francisco_flamethrowers,sj_spiders,32,25,301,262,25,14,6.404344827586207,9.40625,0.8704318936877077,0.9318885448916409,0.9886792452830189,1
2016,vancouver_riptide,san_fransisco_flamethrowers,29,27,293,248,32,13,6.828689655172412,10.10344827586207,0.8464163822525598,0.904320987654321,0.9959839357429718,1
2016,vancouver_riptide,san_jose_spiders,22,20,276,220,37,19,5.674181818181819,12.545454545454545,0.7971014492753623,0.8990228013029316,0.9734513274336283,1
2016,vancouver_riptide,seattle_cascades,27,31,311,263,32,16,5.729703703703704,11.518518518518519,0.8456591639871383,0.9228486646884273,0.9776951672862454,0
2016,vancouver_riptide,seattle_cascades,34,24,285,242,27,16,5.487382352941176,8.382352941176471,0.8491228070175438,0.9193548387096774,0.9918032786885246,1
2016,vancouver_riptide,san_jose_spiders,17,27,237,186,36,15,6.678722222222223,13.941176470588236,0.7848101265822784,0.8943396226415095,0.9587628865979382,0
2016,vancouver_riptide,los_angeles_aviators,26,28,285,258,21,6,6.6124782608695645,10.961538461538462,0.9052631578947369,0.9344262295081968,0.9961389961389961,0
2016,vancouver_riptide,san_francisco_flamethrowers,27,30,260,215,33,12,6.916444444444444,9.62962962962963,0.8269230769230769,0.8934707903780069,0.9907834101382489,0
2016,vancouver_riptide,seattle_cascades,21,25,255,202,41,12,5.597260869565216,12.142857142857142,0.792156862745098,0.8854166666666666,0.9619047619047619,0
2016,vancouver_riptide,los_angeles_aviators,24,31,250,210,29,11,6.3754,10.416666666666666,0.84,0.9124087591240876,0.9767441860465116,0
2016,vancouver_riptide,seattle_cascades,27,24,251,214,25,12,5.961307692307693,9.296296296296296,0.852589641434263,0.916058394160584,0.9907407407407407,1
2016,vancouver_riptide,san_diego_growlers,25,23,275,211,45,19,5.77490909090909,11.0,0.7672727272727272,0.873015873015873,0.9768518518518519,1
2016,vancouver_riptide,san_diego_growlers,27,19,255,214,25,16,6.57575,9.444444444444445,0.8392156862745098,0.9107142857142857,1.0,1
2016,vancouver_riptide,los_angeles_aviators,20,21,256,215,28,13,6.1037,12.8,0.83984375,0.9078014184397163,0.9907834101382489,0
2016,vancouver_riptide,san_fransisco_flamethrowers,18,22,270,219,40,11,5.576764705882352,15.0,0.8111111111111111,0.8881578947368421,0.9733333333333334,0
2016,indianapolis_alleycats,minnesota_wind_chill,20,21,282,228,45,9,4.386066666666666,14.1,0.8085106382978723,0.8703703703703703,0.987012987012987,0
2016,indianapolis_alleycats,detroit_mechanix,29,24,287,231,42,14,5.749111111111112,9.89655172413793,0.8048780487804879,0.8858024691358025,0.9788135593220338,1
2016,indianapolis_alleycats,cincinnati_revolution,35,14,292,227,50,15,5.45259375,8.342857142857143,0.7773972602739726,0.8563049853372434,0.9956140350877193,1
2016,indianapolis_alleycats,pittsburgh_thunderbirds,26,31,202,159,36,7,4.9736666666666665,7.769230769230769,0.7871287128712872,0.8632478632478633,0.9754601226993865,0
2016,indianapolis_alleycats,pittsburgh_thunderbirds,29,25,260,213,37,10,5.581111111111111,8.96551724137931,0.8192307692307692,0.8843537414965986,0.9861111111111112,1
2016,indianapolis_alleycats,chicago_wildfire,17,19,296,251,38,7,4.247473684210527,17.41176470588235,0.847972972972973,0.8996960486322189,0.98046875,0
2016,indianapolis_alleycats,minnesota_wind_chill,23,24,308,256,37,15,6.05616,13.391304347826088,0.8311688311688312,0.9005847953216374,0.9884169884169884,0
2016,indianapolis_alleycats,madison_radicals,25,32,282,231,37,14,5.364041666666666,11.28,0.8191489361702128,0.9038461538461539,0.9705882352941176,0
2016,indianapolis_alleycats,chicago_wildfire,29,17,241,182,42,17,5.728689655172414,8.310344827586206,0.7551867219917012,0.8669064748201439,0.9732620320855615,1
2016,indianapolis_alleycats,cincinnati_revolution,22,17,257,179,59,19,4.1818124999999995,11.681818181818182,0.6964980544747081,0.8398692810457516,0.9470899470899471,1
2016,indianapolis_alleycats,madison_radicals,17,23,205,154,41,10,4.1354999999999995,12.058823529411764,0.751219512195122,0.8436213991769548,0.9808917197452229,0
2016,indianapolis_alleycats,detroit_mechanix,29,22,269,209,45,15,6.311884615384614,9.275862068965518,0.7769516728624535,0.864951768488746,0.9858490566037735,1
2016,indianapolis_alleycats,pittsburgh_thunderbirdd,31,23,312,258,33,21,5.440033333333334,10.064516129032258,0.8269230769230769,0.9176470588235294,0.9809885931558935,1
2016,indianapolis_alleycats,cincinnati_revolution,28,24,321,273,34,14,6.1952,11.464285714285714,0.8504672897196262,0.9119318181818182,0.9891304347826086,1
2016,minnesota_wind_chill,madison,15,36,417,359,48,10,6.184705882352941,27.8,0.8609112709832134,0.9084967320261438,0.9835616438356164,0
2016,minnesota_wind_chill,detroit,20,19,253,204,32,17,6.681136363636364,12.65,0.8063241106719368,0.9100719424460432,0.966824644549763,1
2016,minnesota_wind_chill,cincinnati,28,21,342,280,42,20,4.946413793103449,12.214285714285714,0.8187134502923976,0.9023746701846965,0.9824561403508771,1
2016,minnesota_wind_chill,cincinnati,32,26,288,244,31,13,6.387117647058824,9.0,0.8472222222222222,0.9056603773584906,0.9959183673469387,1
2016,minnesota_wind_chill,chicago,17,11,172,81,67,24,4.5418125,10.117647058823529,0.47093023255813954,0.7413793103448276,0.9204545454545454,1
2016,minnesota_wind_chill,madison,11,25,362,288,63,11,4.730181818181818,32.90909090909091,0.7955801104972375,0.8722891566265061,0.9664429530201343,0
2016,minnesota_wind_chill,indianapolis,24,23,313,264,37,12,6.9874583333333335,13.041666666666666,0.8434504792332268,0.8994252873563219,0.9924812030075187,1
2016,minnesota_wind_chill,chicago,26,23,280,232,31,17,5.649037037037037,10.76923076923077,0.8285714285714286,0.9090909090909091,0.9872340425531915,1
2016,minnesota_wind_chill,pittsburgh,18,20,268,215,36,17,6.689733333333334,14.88888888888889,0.8022388059701493,0.8993288590604027,0.9728506787330317,0
2016,minnesota_wind_chill,chicago,22,21,312,244,48,20,5.269791666666666,14.181818181818182,0.782051282051282,0.8813559322033898,0.976,1
2016,minnesota_wind_chill,pittsburgh,21,29,285,240,31,14,6.150999999999999,13.571428571428571,0.8421052631578947,0.9105431309904153,0.9876543209876543,0
2016,minnesota_wind_chill,madison,16,25,489,430,42,17,4.907388888888888,30.5625,0.8793456032719836,0.9421965317919075,0.9728506787330317,0
2016,minnesota_wind_chill,pittsburgh,24,27,256,183,48,25,6.454319999999999,10.666666666666666,0.71484375,0.8533333333333334,0.9786096256684492,0
2016,minnesota_wind_chill,detroit,31,28,364,311,30,23,4.73983870967742,11.741935483870968,0.8543956043956044,0.9430051813471503,0.9749216300940439,1
2016,minnesota_wind_chill,indianapolis,21,20,388,336,33,19,6.075045454545455,18.476190476190474,0.865979381443299,0.9304556354916067,0.9882352941176471,1
2016,jacksonville_cannons,raleigh_flyers,24,25,275,234,30,11,6.845173913043478,11.458333333333334,0.850909090909091,0.9136212624584718,0.9831932773109243,0
2016,jacksonville_cannons,atlanta_hustle,23,18,258,218,28,12,6.534999999999999,11.217391304347826,0.8449612403100775,0.9148936170212766,0.9819819819819819,1
2016,jacksonville_cannons,nashville_nightwatch,26,30,305,283,17,5,6.451363636363637,11.73076923076923,0.9278688524590164,0.953125,0.9929824561403509,0
2016,jacksonville_cannons,austin_sol,24,26,249,204,31,14,6.700545454545454,10.375,0.8192771084337349,0.9054545454545454,0.9760765550239234,0
2016,jacksonville_cannons,raleigh_flyers,19,24,259,198,52,9,6.024199999999999,13.631578947368421,0.7644787644787645,0.8464052287581699,0.9753694581280788,0
2016,jacksonville_cannons,raleigh_flyers,25,24,293,236,44,13,6.644782608695651,11.72,0.8054607508532423,0.8798798798798799,0.9833333333333333,1
2016,jacksonville_cannons,charlotte_express,23,26,279,235,31,13,6.1648571428571435,12.130434782608695,0.8422939068100358,0.9087947882736156,0.9873949579831933,0
2016,jacksonville_cannons,austin_sol,23,28,227,170,47,10,5.995499999999999,9.869565217391305,0.748898678414097,0.8438661710037175,0.9714285714285714,0
2016,jacksonville_cannons,atlanta_hustle,26,27,294,258,24,12,6.353423076923077,11.307692307692308,0.8775510204081632,0.9363057324840764,0.9847328244274809,0
2016,jacksonville_cannons,nashville_nightwatch,31,22,292,226,49,17,6.602423076923076,9.419354838709678,0.773972602739726,0.8768768768768769,0.9658119658119658,1
2016,jacksonville_cannons,dallas_roughnecks,17,32,255,192,58,5,6.42,15.0,0.7529411764705882,0.8360655737704918,0.96,0
2016,jacksonville_cannons,atlanta_hustle,29,24,273,229,27,17,7.078964285714284,9.413793103448276,0.8388278388278388,0.9285714285714286,0.9744680851063829,1
2016,jacksonville_cannons,charlotte_express,21,19,309,262,37,10,5.893272727272727,14.714285714285714,0.8478964401294499,0.906158357771261,0.9812734082397003,1
2016,jacksonville_cannons,dallas_roughnecks,21,27,248,210,29,9,6.340454545454546,11.80952380952381,0.8467741935483871,0.9051094890510949,0.9859154929577465,0
2016,nashville_nightwatch,dallas_roughnecks,15,33,250,195,44,11,5.328,16.666666666666668,0.78,0.8771929824561403,0.9558823529411765,0
2016,nashville_nightwatch,jacksonville,30,26,248,224,13,11,5.729551724137932,8.266666666666667,0.9032258064516129,0.9501915708812261,1.0,1
2016,nashville_nightwatch,charlotte,24,26,275,229,38,8,6.88812,11.458333333333334,0.8327272727272728,0.8870967741935484,0.9870689655172413,0
2016,nashville_nightwatch,jacksonville_cannons,22,31,237,172,53,12,5.15811111111111,10.772727272727273,0.7257383966244726,0.8404255319148937,0.9555555555555556,0
2016,nashville_nightwatch,atlanta_hustle,16,26,259,203,45,11,5.668055555555557,16.1875,0.7837837837837838,0.8662207357859532,0.9759615384615384,0
2016,nashville_nightwatch,austin_sol,25,37,268,218,41,9,6.217173913043477,10.72,0.8134328358208955,0.8903654485049833,0.9646017699115044,0
2016,nashville_nightwatch,atlanta_hustle,24,34,309,270,34,5,5.574227272727273,12.875,0.8737864077669902,0.911504424778761,0.9854014598540146,0
2016,nashville_nightwatch,atlanta_hustle,22,21,286,232,42,12,6.477315789473685,13.0,0.8111888111888111,0.8854489164086687,0.9789029535864979,1
2016,nashville_nightwatch,charlotte_express,19,15,335,282,38,15,6.1404499999999995,17.63157894736842,0.8417910447761194,0.907859078590786,0.986013986013986,1
2016,nashville_nightwatch,raleigh_flyers,18,20,272,221,42,9,8.708052631578946,15.11111111111111,0.8125,0.8774193548387097,0.9822222222222222,0
2016,nashville_nightwatch,austin_sol,22,29,237,199,29,9,5.766736842105263,10.772727272727273,0.8396624472573839,0.8977272727272727,0.9900497512437811,0
2016,nashville_nightwatch,raleigh_flyers,19,28,314,271,32,11,6.329235294117647,16.526315789473685,0.8630573248407644,0.9127906976744186,0.9926739926739927,0
2016,nashville_nightwatch,dallas_roughnecks,23,34,307,265,38,4,6.5058799999999986,13.347826086956522,0.8631921824104235,0.8976608187134503,0.9888059701492538,0
2016,nashville_nightwatch,charlotte_express,19,28,333,287,38,8,6.025352941176471,17.526315789473685,0.8618618618618619,0.9073569482288828,0.9862542955326461,0
2016,charlotte_express,raleigh_flyers_2016,18,23,311,239,53,19,5.9825,17.27777777777778,0.7684887459807074,0.8662952646239555,0.9795081967213115,0
2016,charlotte_express,jacksonville_cannons_2016,19,21,238,192,30,16,6.640733333333334,12.526315789473685,0.8067226890756303,0.9083969465648855,0.9696969696969697,0
2016,charlotte_express,nashville_nightwatch,26,24,321,273,35,13,6.223037037037038,12.346153846153847,0.8504672897196262,0.9197707736389685,0.975,1
2016,charlotte_express,dallas_roughnecks_2016,18,30,272,220,39,13,5.858333333333334,15.11111111111111,0.8088235294117647,0.8976897689768977,0.9649122807017544,0
2016,charlotte_express,austin_sol_2016,21,20,314,270,31,13,6.3163,14.952380952380953,0.8598726114649682,0.9181286549707602,0.989010989010989,1
2016,charlotte_express,ral,21,29,289,243,34,12,6.785105263157895,13.761904761904763,0.8408304498269896,0.903125,0.9878048780487805,0
2016,charlotte_express,atlanta_hustle_2016,16,18,285,239,37,9,6.080636363636364,17.8125,0.8385964912280702,0.8934169278996865,0.987603305785124,0
2016,charlotte_express,jacksonville_cannons_2016,26,23,193,154,24,15,5.776434782608696,7.423076923076923,0.7979274611398963,0.9018691588785047,0.9808917197452229,1
2016,charlotte_express,nashville_nightwatch,28,19,287,240,33,14,5.506931034482759,10.25,0.8362369337979094,0.9082278481012658,0.9836065573770492,1
2016,charlotte_express,dallas_roughnecks,18,28,60,0,46,14,6.3795,3.3333333333333335,0.0,0.6185567010309279,0.0,0
2016,charlotte_express,atlanta_hustle_2016,19,24,265,221,31,13,6.421684210526316,13.947368421052632,0.8339622641509434,0.9265734265734266,0.9567099567099567,0
2016,charlotte_express,nashville_nightwatch,15,19,245,193,43,9,4.621235294117647,16.333333333333332,0.7877551020408163,0.8596491228070176,0.9846938775510204,0
2016,charlotte_express,raleigh_flyers,14,22,261,214,41,6,6.313923076923077,18.642857142857142,0.8199233716475096,0.8817567567567568,0.9727272727272728,0
2016,charlotte_express,austin_sol,14,31,248,167,64,17,4.42175,17.714285714285715,0.6733870967741935,0.8104575163398693,0.9653179190751445,0
2016,detroit_mechanix,indianapolis_alleycats,22,29,358,300,40,18,5.050928571428572,16.272727272727273,0.8379888268156425,0.9156010230179028,0.9771986970684039,0
2016,detroit_mechanix,cincinnnati_revolution,15,12,259,119,101,39,4.890642857142858,17.266666666666666,0.4594594594594595,0.7421203438395415,0.9153846153846154,1
2016,detroit_mechanix,pittsburgh_thunderbirds,16,25,268,212,44,12,5.063000000000001,16.75,0.7910447761194029,0.8701298701298701,0.9814814814814815,0
2016,detroit_mechanix,madison_radicals,19,37,394,348,38,8,6.377642857142858,20.736842105263158,0.883248730964467,0.9205607476635514,0.9886363636363636,0
2016,detroit_mechanix,pittsburgh_thunderbirds,13,31,354,285,53,16,4.5378,27.23076923076923,0.8050847457627118,0.8827930174563591,0.979381443298969,0
2016,detroit_mechanix,chicago_wildfire,17,15,252,170,68,14,3.0766875000000002,14.823529411764707,0.6746031746031746,0.8102893890675241,0.9497206703910615,1
2016,detroit_mechanix,pittsburgh_thunderbirds,16,26,257,208,36,13,5.143461538461538,16.0625,0.8093385214007782,0.8986013986013986,0.9674418604651163,0
2016,detroit_mechanix,chicago_wildfire,13,18,235,185,38,12,4.022307692307692,18.076923076923077,0.7872340425531915,0.8703703703703703,0.9840425531914894,0
2016,detroit_mechanix,cincinnati_revolution,20,19,314,235,52,27,6.139052631578947,15.7,0.7484076433121019,0.8770949720670391,0.9670781893004116,1
2016,detroit_mechanix,indianapolis_alleycats,24,29,308,253,45,10,5.233533333333333,12.833333333333334,0.8214285714285714,0.8774928774928775,0.9921568627450981,0
2016,detroit_mechanix,minnesota_wind_chill,28,31,286,230,44,12,4.959899999999999,10.214285714285714,0.8041958041958042,0.8719512195121951,0.9913793103448276,0
2016,detroit_mechanix,cincinnati_revolution,23,19,297,242,42,13,4.795399999999999,12.91304347826087,0.8148148148148148,0.8865671641791045,0.983739837398374,1
2016,detroit_mechanix,madison_radicals,13,26,347,275,63,9,4.339666666666667,26.692307692307693,0.792507204610951,0.8675,0.9649122807017544,0
2016,detroit_mechanix,minnesota_wind_chill,19,20,237,191,35,11,4.708166666666668,12.473684210526315,0.8059071729957806,0.8943396226415095,0.9646464646464646,0
2016,montreal_royal,dc_breeze,14,28,303,249,48,6,15.857000000000001,21.642857142857142,0.8217821782178217,0.8833819241982507,0.9688715953307393,0
2016,montreal_royal,phoenix,25,17,237,187,29,21,5.469266666666667,9.48,0.7890295358649789,0.9011406844106464,0.9842105263157894,1
2016,montreal_royal,toronto_rush,18,29,296,258,32,6,6,16.444444444444443,0.8716216216216216,0.9107692307692308,0.9885057471264368,0
2016,montreal_royal,ny_empire,12,17,240,138,77,25,4.423142857142857,20.0,0.575,0.7868852459016393,0.92,0
2016,montreal_royal,phoenix,21,18,288,230,48,10,5.846105263157894,13.714285714285714,0.7986111111111112,0.8700906344410876,0.9787234042553191,1
2016,montreal_royal,ottawa_outlaws,21,20,275,226,37,12,6,13.095238095238095,0.8218181818181818,0.8928571428571429,0.9826086956521739,1
2016,montreal_royal,ottawa_outlaws,24,31,179,124,41,14,5.423920000000001,7.458333333333333,0.6927374301675978,0.8287037037037037,0.96875,0
2016,montreal_royal,ottawa_outlaws,27,30,230,186,33,11,4.228571428571429,8.518518518518519,0.808695652173913,0.8778625954198473,0.9946524064171123,0
2016,montreal_royal,new_york_empire,19,21,256,206,40,10,4.817666666666666,13.473684210526315,0.8046875,0.8827586206896552,0.9716981132075472,0
2016,montreal_royal,rush,14,26,249,187,51,11,4.844833333333333,17.785714285714285,0.751004016064257,0.8527397260273972,0.958974358974359,0
2016,montreal_royal,phoenix,27,19,278,227,35,16,6,10.296296296296296,0.8165467625899281,0.9025974025974026,0.978448275862069,1
2016,montreal_royal,dc_breeze,18,26,241,181,44,16,4.392647058823529,13.38888888888889,0.7510373443983402,0.8700361010830325,0.9576719576719577,0
2016,montreal_royal,toronto_rush,31,27,266,203,41,22,5.561066666666666,8.580645161290322,0.7631578947368421,0.875,0.9854368932038835,1
2016,montreal_royal,dc_breeze,27,22,344,285,45,14,6,12.74074074074074,0.8284883720930233,0.8911917098445595,0.9895833333333334,1
2016,san_diego_growlers,los_angeles_aviators,20,21,268,230,28,10,6.992,13.4,0.8582089552238806,0.9115646258503401,0.9913793103448276,0
2016,san_diego_growlers,vancouver_riptide,23,25,319,257,48,14,5.826833333333333,13.869565217391305,0.8056426332288401,0.8861111111111111,0.9734848484848485,0
2016,san_diego_growlers,seattle_cascades,17,25,325,281,38,6,5.008687500000001,19.11764705882353,0.8646153846153846,0.9154929577464789,0.972318339100346,0
2016,san_diego_growlers,los_angeles_aviators,18,26,292,245,37,10,5.446705882352941,16.22222222222222,0.839041095890411,0.8929663608562691,0.9919028340080972,0
2016,san_diego_growlers,san_jose_spiders,22,26,258,213,37,8,6.245608695652174,11.727272727272727,0.8255813953488372,0.8775510204081632,0.9953271028037384,0
2016,san_diego_growlers,vancouver_riptide,19,27,303,264,28,11,6.221749999999999,15.947368421052632,0.8712871287128713,0.9154078549848943,1.0,0
2016,san_diego_growlers,los_angeles_aviators,19,17,256,206,37,13,6.837,13.473684210526315,0.8046875,0.8767123287671232,0.9951690821256038,1
2016,san_diego_growlers,los_angeles_aviators,24,30,314,276,28,10,5.66732,13.083333333333334,0.8789808917197452,0.9262536873156342,0.989247311827957,0
2016,san_diego_growlers,seattle_cascades,19,23,333,294,31,8,6.272200000000001,17.526315789473685,0.8828828828828829,0.919889502762431,0.9932432432432432,0
2016,san_diego_growlers,san_jose_spiders,32,21,359,317,24,18,5.866548387096774,11.21875,0.883008356545961,0.9422572178477691,0.9937304075235109,1
2016,san_diego_growlers,san_jose_spiders,21,24,264,211,42,11,6.604285714285714,12.571428571428571,0.7992424242424242,0.8770764119601329,0.9768518518518519,0
2016,san_diego_growlers,san_francisco_flamethrowers,14,31,288,226,52,10,6.127,20.571428571428573,0.7847222222222222,0.8622754491017964,0.9741379310344828,0
2016,san_diego_growlers,san_francisco_flamethrowers,23,25,345,299,34,12,6.382320000000001,15.0,0.8666666666666667,0.9175531914893617,0.9900662251655629,0
2016,san_diego_growlers,san_francisco_flamethrowers,25,29,278,231,36,11,5.10276,11.12,0.8309352517985612,0.8938906752411575,0.9871794871794872,0
2016,philadelphia_phoenix,vs_new_york,13,28,105,40,52,13,5.656428571428571,8.076923076923077,0.38095238095238093,0.7094594594594594,0.8163265306122449,0
2016,philadelphia_phoenix,ottawa,22,30,321,261,48,12,5.65459090909091,14.590909090909092,0.8130841121495327,0.8818681318681318,0.981203007518797,0
2016,philadelphia_phoenix,dc,18,34,324,273,36,15,6.7254000000000005,18.0,0.8425925925925926,0.9152542372881356,0.978494623655914,0
2016,philadelphia_phoenix,ottawa,16,37,108,42,55,11,4.114466666666667,6.75,0.3888888888888889,0.6923076923076923,0.8571428571428571,0
2016,philadelphia_phoenix,toronto,16,24,268,207,51,10,4.471857142857143,16.75,0.7723880597014925,0.8535031847133758,0.9764150943396226,0
2016,philadelphia_phoenix,ottawa,13,25,274,188,72,14,4.657333333333335,21.076923076923077,0.6861313868613139,0.8203592814371258,0.94,0
2016,philadelphia_phoenix,dc,15,24,317,267,43,7,4.859461538461539,21.133333333333333,0.8422712933753943,0.8904494382022472,0.985239852398524,0
2016,philadelphia_phoenix,montreal,18,21,293,237,41,15,5.2067499999999995,16.27777777777778,0.8088737201365188,0.8905775075987842,0.9793388429752066,0
2016,philadelphia_phoenix,montreal,19,27,289,240,43,6,5.051466666666666,15.210526315789474,0.8304498269896193,0.8865030674846626,0.975609756097561,0
2016,philadelphia_phoenix,toronto,6,28,311,245,57,9,5.2987142857142855,51.833333333333336,0.7877813504823151,0.8911174785100286,0.928030303030303,0
2016,philadelphia_phoenix,new_york,17,32,362,314,38,10,5.110315789473685,21.294117647058822,0.8674033149171271,0.9072681704260651,0.9968253968253968,0
2016,philadelphia_phoenix,dc,16,27,345,288,45,12,6.363545454545454,21.5625,0.8347826086956521,0.9031413612565445,0.972972972972973,0
2016,philadelphia_phoenix,montreal,17,25,232,178,42,12,5.239833333333333,13.647058823529411,0.7672413793103449,0.8592592592592593,0.978021978021978,0
2016,philadelphia_phoenix,new_york,16,28,334,292,36,6,6.205111111111112,20.875,0.874251497005988,0.9201101928374655,0.9765886287625418,0
2016,austin_sol,charlotte_express_2016,20,21,304,261,31,12,3.174470588235294,15.2,0.8585526315789473,0.9240121580547113,0.9775280898876404,0
2016,austin_sol,dallas_roughnecks,18,30,262,215,39,8,6.179333333333333,14.555555555555555,0.8206106870229007,0.8851351351351351,0.9772727272727273,0
2016,austin_sol,atlanta_hustle,23,22,335,256,53,26,5.463199999999999,14.565217391304348,0.764179104477612,0.8746736292428199,0.9808429118773946,1
2016,austin_sol,raleigh_flyers,27,28,301,255,37,9,4.6075,11.148148148148149,0.8471760797342193,0.9093655589123867,0.9732824427480916,0
2016,austin_sol,nashville_nightwatch,37,25,304,250,39,15,6.5460666666666665,8.216216216216216,0.8223684210526315,0.8994082840236687,0.9803921568627451,1
2016,austin_sol,jacksonville_cannons,28,23,274,216,43,15,4.187545454545455,9.785714285714286,0.7883211678832117,0.8643533123028391,1.0,1
2016,austin_sol,dallas_roughnecks,22,26,297,228,46,23,6.146,13.5,0.7676767676767676,0.878698224852071,0.9785407725321889,0
2016,austin_sol,raleigh_flyers,33,12,312,234,58,20,6.587096774193547,9.454545454545455,0.75,0.859504132231405,0.970954356846473,1
2016,austin_sol,charlotte_express,31,14,312,230,56,26,6.889433333333333,10.064516129032258,0.7371794871794872,0.8642659279778393,0.9704641350210971,1
2016,austin_sol,dallas_roughnecks,16,24,320,249,53,18,3.8504,20.0,0.778125,0.862533692722372,0.9920318725099602,0
2016,austin_sol,atlanta_hustle,29,31,381,320,49,12,7.708655172413793,13.137931034482758,0.8398950131233596,0.9071428571428571,0.9696969696969697,0
2016,austin_sol,dallas_roughnecks,18,29,256,190,59,7,8.747538461538461,14.222222222222221,0.7421875,0.8152866242038217,0.9947643979057592,0
2016,austin_sol,nashville_nightwatch,29,22,324,286,25,13,4.9842,11.172413793103448,0.8827160493827161,0.9283667621776505,1.0,1
2016,austin_sol,jacksonville_cannons,26,24,267,220,36,11,3.3895416666666667,10.26923076923077,0.8239700374531835,0.8841059602649006,0.995475113122172,1
